Product Name,Product Price
Maze 20L - SMALL - Organic Rubbish Bags - 80 Pack,$44
Maze 120L Organic Wheelie Bin Liners - 50 Pack,$73
Maze 240L Organic Wheelie Bin Liners - 40 Pack,$78
Maze 34L Large Organic Rubbish Bags - 20 Pack,$9.95
Glitz 120 x 80cm 80L Wheelie Bin Liners - 20 Pack,$6.98
Glitz 140 x 100cm 120L Wheelie Bin Liners - 20 Pack,$9.98
Maze 54L X Large Organic Rubbish Bags - 20 Pack,$11.67
Maze 7L Compostable Bin Liners - 70 Pack,$15.70
Maze 9L Slim Kitchen Compost Caddy,$14.25
Oates 13L Blue And Red Kids Bin,$11.80
Willow 15L Blue Bullet Rubbish Bin,$10.40
Glitz 20L Small Tie Top Kitchen Bin Liners - 70 Pack,$6.70
Glitz 50L Large Citrus Scented Tie Top Kitchen Bin Liners - 100 Pack,$15.50
Glitz 60L Garbage Bags With Twist Ties - 55 Pack,$9.80
Glitz 75L Garbage Bags With Twist Ties - 55 Pack,$11.60
Glitz 50L Large Tie Top Kitchen Bin Liners - 60 Pack,$8.40
Morgan Stainless Steel Twin Compartment Pedal Bin,$39
Pinnacle 55L Bin,$34
Pinnacle 75L Bin,$49.90
Willow 25L Swing And Stay Bin,$21.30
Glitz 27L Pull Tie Kitchen Garbage Bags - 30 Pack,$2.99
Glitz 60L Black Garbage Bags - 25 Pack,$4.30
Glitz 75L Black Garbage Bags - 25 Pack,$4.90
Glitz 240L Wheelie Bin Liners - 10 Pack,$2.50
Oates 12L Stainless Steel Round Pedal Bin,$29.30
Oates 5L Stainless Steel Round Pedal Bin,$17.10
Oates 3L Stainless Steel Round Pedal Bin,$13.45
Maze 7L Compostable Bin Liners - 20 Pack,$5.10
Maze 7L Kitchen Compost Caddy,$10.20
Handy 100L Green Wheelie Bin,$62
Morgan 10L Step / Push Pedal Bin,$12.10
Icon Plastics 27L Swing Top Tidy,$13.35
Icon Plastics 15L Swing Top Tidy,$9.20
Icon Plastics 5L Flip Top Bench Top Tidy,$4.50
Icon Plastics 13L Waste Tidy Bin,$5.15
Willow 50L Swingtop Swing And Stay Bin,$29
Willow 8L Compost Caddy,$13.45
Handy 240L Green Wheelie Bin,$110
Mr Clean Tough Bags - Small,$9
Mr Clean Tough Bags - Medium,$9.30
Mr Clean Tough Bags - X-Large,$15.80
Mr Clean Heavy Duty Tough Garbage Bags with Drawstring - 3 Pack,$10.30
Morgan 30L Stainless Steel Pedal Bin,$25
Morgan 40L Stainless Steel Pedal Step Bin,$44.95
Grunt 240L Large Wheelie Bin Liners - 20 Pack,$9.90
Grunt 120L Medium Wheelie Bin Liners - 20 Pack,$9.38
Grunt 80L Small Wheelie Bin Liners - 50 Pack,$11.98
Grunt 82L Large Garbage Bin Liners - 20 Pack,$4.55
Grunt 73L Medium Garbage Bin Liners - 50 Pack,$8
Grunt 54L Small Garbage Bin Liners - 50 Pack,$5.10
Glad 75L ForceFlex Garbage Bags - 25 Pack,$15.50
Glad 70l Heavy Duty Clear Garbage Bags - 50pk,$21.30
Morgan Heavy Gauge Steel Can Crusher,$11.60
Willow 25L Light Grey/Dark Grey Rolltop Bin,$23.30
Grunt 27L White Medium Kitchen Tidy Bags - 50 Pack,$4.98
Grunt 27L Silver Medium Kitchen Tidy Bags - 50 Pack,$5.50
Grunt 34L White Large Kitchen Tidy Bags - 50 Pack,$5.98
Grunt 34L Silver Large Kitchen Tidy Bags - 50 Pack,$6.50
Grunt 40L White Extra Large Kitchen Tidy Bags - 25 Pack,$5.98
Grunt 40L Silver Kitchen Tidy Bags - 25 Pack,$6.50
Grunt 27L White Home And Office Bin Liners - 50 Pack,$4
Grunt 34L Lemon Scented Kitchen Tidy Bags - 50 Pack,$5.98
Grunt 27L Lemon Scented Kitchen Tidy Bags - 50 Pack,$4.98
Grunt 34L White Home And Office Bin Liners - 50 Pack,$5
Willow 25L Blue Bullet Rubbish Bin,$13.90
Handy 240L Yellow Wheelie Bin,$113
Handy 240L Light Blue Wheelie Bin,$113
Handy 240L Red Wheelie Bin,$113
Maze 27L - MEDIUM - Organic Rubbish Bags - 20 Pack,$8.80
Maze 9L Slim Compostable Bags - 20 Pack,$6.05
Willow 50L Blue Bullet Rubbish Bin,$34
Morgan 20L Black Softclose Pedal Bin,$39.90
Morgan 20L Stainless Steel Smudge Proof Pedal Bin,$42.90
Morgan 20L Soft Close Pedal Bin,$39.90
Willow 22L White / Charcoal Swing Top Slimline Bin,$22.10
Willow 32L White / Charcoal Swing Top Slimline Bin,$32.30
Oates 30L Stainless Steel Premium Softclose Pedal Bin,$131.50
Willow 30L Off White Tidy Top,$30
Oates 20L Brushed Stainless Steel Round Pedal Bin,$49.90
Oates 30L Brushed Stainless Steel Round Pedal Bin,$63.90
Morgan Beige 50L Twin Bin,$44
Ezy Storage 40L Vogue Plastic Pedal Bin,$45
Willow 10L Waste Paper Bin,$5
Icon Plastics 35L Charcoal Slide Top Tidy Bin,$25.98
Icon Plastics 18L Charcoal Swing Top Tidy,$15.65
Icon Plastics 27L Swing Top Tidy Bin,$12
Icon Plastics 27L Charcoal Lift Top Tidy,$12
Icon Plastics 59L Charcoal Push Top Tidy Bin,$44.98
Willow 75L Dome Rubbish Bin,$26.50
Icon Plastics 18L White Mini Swing Top Tidy Bin,$15.65
Willow 30L Touch Top Rubbish Bin,$30
Icon Plastics 15L Flip Top Tidy Bin,$17.35
Icon Plastics 27L White Swing Top Tidy Bin,$12
Oates 13L White Check Out Rubbish Bin,$11.15
Icon Plastics 50l White Lift Top Tidy,$42.80
Icon Plastics 27L White Lift Top Tidy,$12
Icon Plastics Grey Waste Paper Bin,$9.18
Willow 5L Assorted Small Flip Top Bin,$9.95
Willow 60L Dome Rubbish Bin,$17.50
Icon Plastics 35L White Slide Top Tidy Bin,$25.65
Willow 7L Assorted Flip Top Tidy Bin,$8.35
Willow 15L Assorted Swing & Stay Kitchen Tidy Bin,$17.50
Ezy Storage 13L Grey Mode Square Waste Bin,$5
Ezy Storage 13L Pink Mode Square Waste Bin,$5
Ezy Storage 60L Dome Rubbish Bin,$12
Glitz 15L Medium Scented Tie Top Kitchen Bin Liners - 100 Pack,$7.50
Taskmaster Metal Smokers Ashtray,$21.15
